{"rmse": 9495.187747959648, "mae": 7426.059470704087, "r2": 0.41926359395870205}